epoch,time,train/box_loss,train/seg_loss,train/cls_loss,train/dfl_loss,metrics/precision(B),metrics/recall(B),metrics/mAP50(B),metrics/mAP50-95(B),metrics/precision(M),metrics/recall(M),metrics/mAP50(M),metrics/mAP50-95(M),val/box_loss,val/seg_loss,val/cls_loss,val/dfl_loss,lr/pg0,lr/pg1,lr/pg2
1,34.68,0.77049,1.04279,1.56824,0.99068,0.46619,0.7279,0.45099,0.31499,0.45916,0.72293,0.42759,0.25051,0.93087,1.80277,2.67339,0.98417,0.000545377,0.000545377,0.000545377
2,77.8125,0.92239,1.0606,1.02952,1.07859,0.00051,0.13866,0.00057,0.00025,0.00042,0.13701,0.00053,0.00024,3.55671,633.694,inf,12.7377,0.00109014,0.00109014,0.00109014
3,134.001,1.00699,1.10975,0.96909,1.10307,0.13645,0.52767,0.11342,0.0545,0.13757,0.51803,0.11349,0.04635,1.61098,2.02649,10.8092,1.50264,0.00162391,0.00162391,0.00162391
4,186.944,0.931,1.04215,0.85568,1.09247,0.52174,0.54491,0.54299,0.40677,0.51641,0.53997,0.53144,0.33557,0.94019,1.23804,1.65215,1.00197,0.00161749,0.00161749,0.00161749
5,230.812,0.91422,1.03285,0.82253,1.06795,0.57419,0.66104,0.65424,0.49395,0.58059,0.67984,0.65895,0.43422,0.82456,1.04981,1.76754,0.94808,0.00160099,0.00160099,0.00160099
6,271.195,0.86601,0.9286,0.70624,1.04669,0.69314,0.73888,0.79163,0.63204,0.69314,0.73888,0.79125,0.58558,0.831,0.96788,0.91867,0.94478,0.00158448,0.00158448,0.00158448
7,322.164,0.8513,0.94361,0.70214,1.02834,0.88152,0.93139,0.94337,0.7608,0.87886,0.92562,0.93717,0.65315,0.85946,0.84365,0.72299,0.93087,0.00156798,0.00156798,0.00156798
8,394.693,0.84033,0.9914,0.67691,1.02629,0.95435,0.72773,0.89948,0.7272,0.95771,0.72669,0.89658,0.66875,0.79895,0.81809,0.62036,0.92526,0.00155148,0.00155148,0.00155148
9,435.735,0.801,0.88833,0.65912,1.01567,0.94065,0.72273,0.89581,0.72222,0.94065,0.72273,0.88884,0.62076,0.78689,0.81305,0.58875,0.92327,0.00153497,0.00153497,0.00153497
10,498.95,0.75737,0.78448,0.6159,0.9888,0.97067,0.89054,0.97053,0.80052,0.96901,0.8889,0.96896,0.69085,0.74103,0.81231,0.55094,0.91839,0.00151847,0.00151847,0.00151847
11,557.581,0.73965,0.81853,0.59216,0.98003,0.91819,0.8818,0.95476,0.79347,0.94119,0.84008,0.95004,0.70336,0.74904,0.78363,0.52346,0.88447,0.00150197,0.00150197,0.00150197
12,616.881,0.74787,0.80326,0.56215,0.98385,0.94068,0.96675,0.98206,0.82899,0.93848,0.96346,0.97849,0.75747,0.73418,0.75418,0.53184,0.88698,0.00148546,0.00148546,0.00148546
13,646.676,0.7264,0.79766,0.56081,0.97543,0.86173,0.93,0.96599,0.81908,0.86067,0.92787,0.96152,0.70135,0.71959,0.78693,0.59957,0.88198,0.00146896,0.00146896,0.00146896
14,682.004,0.72105,0.7797,0.55092,0.97929,0.89582,0.84818,0.92691,0.7754,0.89426,0.84654,0.92222,0.67113,0.72327,0.76896,0.53297,0.88936,0.00145246,0.00145246,0.00145246
15,720.584,0.69342,0.72337,0.5257,0.9575,0.97304,0.96217,0.98352,0.83119,0.97051,0.95888,0.98075,0.71153,0.74046,0.76358,0.47632,0.90184,0.00143595,0.00143595,0.00143595
16,785.543,0.70966,0.78138,0.53433,0.97645,0.9438,0.96711,0.97895,0.83582,0.94326,0.96546,0.97808,0.70868,0.67457,0.73864,0.46602,0.87468,0.00141945,0.00141945,0.00141945
17,816.633,0.68471,0.76016,0.51682,0.95846,0.97289,0.96277,0.98468,0.83,0.97289,0.96277,0.98388,0.72594,0.67659,0.75881,0.47415,0.87341,0.00140295,0.00140295,0.00140295
18,847.274,0.67902,0.72902,0.50812,0.9529,0.9249,0.96546,0.97507,0.84168,0.9249,0.96546,0.97515,0.69034,0.65736,0.75274,0.47352,0.86082,0.00138644,0.00138644,0.00138644
19,882.318,0.6573,0.76575,0.48302,0.93812,0.97311,0.95559,0.98761,0.84137,0.97311,0.95559,0.98359,0.73789,0.65024,0.69446,0.45446,0.86849,0.00136994,0.00136994,0.00136994
20,944.21,0.64256,0.71007,0.47179,0.94469,0.98189,0.96925,0.98962,0.86674,0.97853,0.96596,0.98809,0.71962,0.62135,0.70799,0.43589,0.86084,0.00135344,0.00135344,0.00135344
21,997.024,0.66505,0.74961,0.49292,0.94394,0.96481,0.94043,0.97999,0.84229,0.96145,0.93714,0.97523,0.70339,0.62689,0.73783,0.4839,0.8575,0.00133693,0.00133693,0.00133693
22,1036.39,0.63477,0.72451,0.46672,0.93891,0.96134,0.97539,0.98779,0.85763,0.96134,0.97539,0.98787,0.73481,0.62423,0.74437,0.43661,0.85741,0.00132043,0.00132043,0.00132043
23,1065.97,0.64298,0.69477,0.47959,0.94413,0.95272,0.97559,0.98712,0.85818,0.95085,0.9719,0.98374,0.72707,0.62511,0.67805,0.43001,0.85279,0.00130393,0.00130393,0.00130393
24,1102.59,0.6278,0.7057,0.46178,0.93385,0.96629,0.96053,0.98691,0.8516,0.96454,0.95888,0.98444,0.73447,0.6607,0.74562,0.43993,0.86929,0.00128742,0.00128742,0.00128742
25,1139.05,0.63184,0.66875,0.46123,0.92801,0.98797,0.96677,0.98698,0.84414,0.98797,0.96677,0.98681,0.75187,0.63785,0.71394,0.42141,0.86329,0.00127092,0.00127092,0.00127092
26,1188.32,0.60657,0.67324,0.44826,0.9197,0.98015,0.97882,0.98765,0.87714,0.97851,0.97718,0.98498,0.72373,0.624,0.72021,0.41782,0.85808,0.00125442,0.00125442,0.00125442
27,1225.66,0.60208,0.67502,0.44578,0.92759,0.98194,0.96706,0.98817,0.88706,0.97863,0.96264,0.98437,0.75496,0.61988,0.74805,0.40967,0.85177,0.00123791,0.00123791,0.00123791
28,1255.59,0.61695,0.6678,0.45069,0.93144,0.97829,0.96382,0.98576,0.87979,0.97659,0.96217,0.98182,0.75023,0.62193,0.7537,0.43507,0.84934,0.00122141,0.00122141,0.00122141
29,1294.95,0.61442,0.69473,0.45954,0.91737,0.94075,0.9852,0.98645,0.86595,0.93749,0.98191,0.98378,0.74376,0.6269,0.74167,0.40088,0.85529,0.00120491,0.00120491,0.00120491
30,1335.1,0.61937,0.70626,0.44829,0.91928,0.96955,0.98104,0.98815,0.87514,0.97404,0.97039,0.98646,0.73164,0.61138,0.69432,0.41458,0.85336,0.0011884,0.0011884,0.0011884
31,1371.72,0.61013,0.7165,0.45952,0.92341,0.98326,0.98026,0.98871,0.85905,0.98242,0.97862,0.98824,0.76293,0.6176,0.66028,0.39822,0.85251,0.0011719,0.0011719,0.0011719
32,1401.35,0.57681,0.64627,0.4194,0.91258,0.97385,0.98684,0.98896,0.86591,0.97224,0.9852,0.98803,0.76904,0.59875,0.69711,0.38832,0.84975,0.0011554,0.0011554,0.0011554
33,1436.05,0.59286,0.68111,0.43871,0.91697,0.96832,0.97152,0.98962,0.89308,0.96872,0.97045,0.98592,0.76649,0.60631,0.7075,0.42029,0.846,0.00113889,0.00113889,0.00113889
34,1491.55,0.58271,0.65202,0.42336,0.91217,0.95899,0.97976,0.98673,0.87132,0.95735,0.97811,0.98526,0.74164,0.62287,0.75257,0.41245,0.84612,0.00112239,0.00112239,0.00112239
35,1536.31,0.58656,0.66064,0.42226,0.91103,0.98463,0.98355,0.9898,0.87958,0.98298,0.98191,0.98824,0.76924,0.59538,0.70342,0.37622,0.85221,0.00110589,0.00110589,0.00110589
36,1579.89,0.55777,0.63961,0.40301,0.90614,0.98893,0.96875,0.98915,0.88516,0.9872,0.96711,0.98724,0.75371,0.58307,0.67987,0.37395,0.84312,0.00108938,0.00108938,0.00108938
37,1622.1,0.54785,0.63198,0.39175,0.90724,0.97257,0.98266,0.98756,0.88619,0.9856,0.96642,0.98511,0.76221,0.6056,0.7071,0.37285,0.84583,0.00107288,0.00107288,0.00107288
38,1652.39,0.57203,0.63729,0.41708,0.90338,0.86755,0.97063,0.98436,0.87313,0.86755,0.97063,0.98235,0.75146,0.57054,0.68189,0.38333,0.84193,0.00105638,0.00105638,0.00105638
39,1681.48,0.54665,0.61498,0.38529,0.89179,0.98541,0.97368,0.98895,0.87986,0.98541,0.97368,0.98829,0.76805,0.61301,0.71229,0.38274,0.84828,0.00103987,0.00103987,0.00103987
40,1738.06,0.5431,0.58555,0.38729,0.89814,0.98299,0.97533,0.989,0.88855,0.98346,0.97368,0.98827,0.76949,0.59219,0.71118,0.37294,0.85076,0.00102337,0.00102337,0.00102337
41,1796.41,0.55103,0.60354,0.39134,0.91138,0.97959,0.97574,0.98854,0.88757,0.97959,0.97574,0.98854,0.74794,0.5814,0.70059,0.38721,0.84212,0.00100687,0.00100687,0.00100687
42,1841.83,0.53851,0.60772,0.37316,0.89125,0.98121,0.98246,0.99,0.88272,0.98338,0.98131,0.98926,0.77375,0.58792,0.65851,0.36665,0.84576,0.000990365,0.000990365,0.000990365
43,1874.46,0.54984,0.63477,0.38551,0.89856,0.9785,0.98285,0.99011,0.89037,0.97683,0.98121,0.98624,0.75126,0.56934,0.70634,0.35231,0.84118,0.000973861,0.000973861,0.000973861
44,1913.62,0.54729,0.60804,0.37296,0.91072,0.98882,0.97455,0.98905,0.90063,0.98733,0.97198,0.98867,0.75971,0.57683,0.71256,0.36714,0.84313,0.000957358,0.000957358,0.000957358
45,1957.17,0.51496,0.60093,0.35434,0.90432,0.98254,0.97368,0.98945,0.897,0.98415,0.97368,0.98663,0.75131,0.54724,0.6993,0.34569,0.83347,0.000940855,0.000940855,0.000940855
46,2018.44,0.53783,0.60712,0.37129,0.8998,0.98273,0.97862,0.98889,0.89484,0.9832,0.97862,0.98827,0.77674,0.57745,0.7008,0.35906,0.84038,0.000924352,0.000924352,0.000924352
47,2048.06,0.51997,0.59369,0.36659,0.89363,0.98652,0.97284,0.98908,0.89142,0.9848,0.97119,0.98844,0.76439,0.57356,0.66631,0.36798,0.84076,0.000907848,0.000907848,0.000907848
48,2090.93,0.53684,0.60629,0.38181,0.89675,0.98701,0.97233,0.99048,0.89914,0.98701,0.97233,0.98916,0.75427,0.56764,0.68407,0.35623,0.83851,0.000891345,0.000891345,0.000891345
49,2142.2,0.52748,0.59008,0.3668,0.88484,0.98414,0.97204,0.98982,0.90743,0.98414,0.97204,0.9865,0.77493,0.56084,0.66139,0.35045,0.84121,0.000874842,0.000874842,0.000874842
50,2192.65,0.51745,0.5822,0.36524,0.89926,0.98496,0.97572,0.98959,0.89442,0.98496,0.97572,0.98715,0.74526,0.55859,0.64214,0.36153,0.84115,0.000858338,0.000858338,0.000858338
51,2245.45,0.52898,0.61385,0.36827,0.89475,0.9861,0.97653,0.98903,0.90506,0.9861,0.97653,0.9884,0.74032,0.57167,0.65505,0.36399,0.84672,0.000841835,0.000841835,0.000841835
52,2288.77,0.51147,0.57393,0.36194,0.89576,0.98269,0.98262,0.98954,0.89796,0.98269,0.98262,0.98864,0.74591,0.55717,0.64418,0.34466,0.83359,0.000825332,0.000825332,0.000825332
53,2318.18,0.51236,0.56609,0.35906,0.88738,0.97806,0.98213,0.9885,0.89853,0.97806,0.98213,0.98649,0.76601,0.55148,0.67183,0.36294,0.83829,0.000808828,0.000808828,0.000808828
54,2391.38,0.50035,0.56004,0.34656,0.88717,0.9774,0.97862,0.98855,0.89508,0.97576,0.97697,0.98625,0.75039,0.58245,0.64803,0.37495,0.83816,0.000792325,0.000792325,0.000792325
55,2441.31,0.49024,0.56044,0.34966,0.88044,0.98733,0.97424,0.98989,0.8849,0.98563,0.97259,0.98683,0.75175,0.56178,0.65077,0.3428,0.83389,0.000775822,0.000775822,0.000775822
56,2480.91,0.5039,0.56799,0.34407,0.88195,0.98277,0.98164,0.99026,0.90535,0.98277,0.98164,0.99002,0.77241,0.54511,0.65743,0.3362,0.82964,0.000759318,0.000759318,0.000759318
57,2521.3,0.50055,0.55523,0.33655,0.88744,0.98064,0.98554,0.98989,0.91157,0.97571,0.9806,0.98544,0.763,0.55914,0.70859,0.35035,0.83385,0.000742815,0.000742815,0.000742815
58,2556.55,0.49503,0.54147,0.34183,0.88191,0.98085,0.98026,0.98892,0.89723,0.97973,0.97862,0.98499,0.77825,0.58992,0.68984,0.36059,0.83534,0.000726312,0.000726312,0.000726312
59,2608.49,0.49054,0.52338,0.33819,0.88232,0.98074,0.98649,0.98918,0.89952,0.97946,0.98355,0.98373,0.76139,0.54805,0.65988,0.35114,0.82957,0.000709809,0.000709809,0.000709809
60,2661.4,0.50098,0.6007,0.34352,0.88957,0.98323,0.98004,0.99005,0.90559,0.98323,0.98004,0.98916,0.76369,0.54853,0.66014,0.37644,0.82479,0.000693305,0.000693305,0.000693305
61,2696.08,0.4811,0.53909,0.32927,0.88521,0.98322,0.98284,0.98991,0.90631,0.98156,0.98119,0.98697,0.75679,0.54717,0.69801,0.34428,0.82887,0.000676802,0.000676802,0.000676802
62,2729.51,0.49895,0.56305,0.35188,0.87699,0.98724,0.97917,0.99018,0.91046,0.98724,0.97917,0.98853,0.77688,0.53787,0.6724,0.33241,0.82786,0.000660299,0.000660299,0.000660299
63,2764.23,0.47945,0.52915,0.32113,0.88419,0.9801,0.98419,0.99036,0.9092,0.98281,0.98154,0.98928,0.77216,0.52902,0.64598,0.32725,0.82148,0.000643795,0.000643795,0.000643795
64,2804.55,0.48724,0.55972,0.33511,0.88759,0.98199,0.98207,0.98999,0.90665,0.98191,0.97862,0.98592,0.75104,0.53958,0.66783,0.3437,0.82747,0.000627292,0.000627292,0.000627292
65,2857.89,0.49062,0.56657,0.33307,0.88869,0.98191,0.97862,0.98787,0.90667,0.98412,0.97825,0.98726,0.77013,0.56918,0.6694,0.34406,0.82765,0.000610789,0.000610789,0.000610789
66,2890.16,0.48273,0.57096,0.3275,0.89101,0.98472,0.98533,0.98889,0.89543,0.98538,0.98418,0.98532,0.76229,0.53939,0.67225,0.34184,0.8319,0.000594286,0.000594286,0.000594286
67,2921.18,0.46281,0.55511,0.32629,0.88644,0.98206,0.98257,0.98962,0.90287,0.9806,0.98025,0.98731,0.76632,0.53237,0.67141,0.34509,0.82631,0.000577782,0.000577782,0.000577782
68,2967.4,0.47483,0.50771,0.32317,0.87934,0.98857,0.98168,0.99061,0.9033,0.98857,0.98168,0.98997,0.77396,0.55222,0.68026,0.33186,0.83785,0.000561279,0.000561279,0.000561279
69,3001.21,0.48165,0.56344,0.32214,0.882,0.98084,0.98684,0.99084,0.89824,0.97985,0.98272,0.98732,0.77161,0.5418,0.68956,0.32721,0.83334,0.000544776,0.000544776,0.000544776
70,3050.1,0.4594,0.54638,0.32141,0.8636,0.98144,0.98234,0.98971,0.92006,0.98586,0.98037,0.98931,0.78379,0.51555,0.67478,0.32114,0.82664,0.000528272,0.000528272,0.000528272
71,3089.27,0.44279,0.50228,0.30888,0.87645,0.98488,0.98191,0.991,0.90286,0.98531,0.98191,0.98784,0.7729,0.52328,0.68109,0.32187,0.82579,0.000511769,0.000511769,0.000511769
72,3139.26,0.46012,0.53279,0.31279,0.87765,0.98614,0.98116,0.99033,0.91015,0.98312,0.97729,0.98666,0.78187,0.53377,0.6699,0.32082,0.82708,0.000495266,0.000495266,0.000495266
73,3188.16,0.44966,0.53782,0.29855,0.87181,0.98722,0.97924,0.98976,0.90353,0.98722,0.97924,0.98866,0.77839,0.51734,0.69165,0.31448,0.82457,0.000478762,0.000478762,0.000478762
74,3229.95,0.44287,0.52822,0.30669,0.8692,0.97987,0.98688,0.98994,0.90281,0.98591,0.97862,0.98872,0.7774,0.51726,0.64445,0.32378,0.82494,0.000462259,0.000462259,0.000462259
75,3276.07,0.4336,0.49989,0.28805,0.87233,0.98676,0.9812,0.99015,0.90616,0.98549,0.97869,0.98695,0.77133,0.51938,0.66358,0.32145,0.82439,0.000445756,0.000445756,0.000445756
76,3310.71,0.43917,0.52597,0.30573,0.87105,0.98435,0.98191,0.99048,0.91007,0.98435,0.98191,0.9899,0.75489,0.51641,0.67299,0.30569,0.82719,0.000429253,0.000429253,0.000429253
77,3351.78,0.43273,0.49421,0.29117,0.8718,0.98737,0.98076,0.99055,0.91741,0.98752,0.97985,0.98989,0.78794,0.51599,0.66973,0.31045,0.82523,0.000412749,0.000412749,0.000412749
78,3409.03,0.42431,0.50416,0.29043,0.86307,0.98584,0.98026,0.99008,0.90525,0.98788,0.97697,0.98821,0.77672,0.52627,0.70116,0.31421,0.83041,0.000396246,0.000396246,0.000396246
79,3456.71,0.42617,0.52319,0.29188,0.85924,0.98378,0.98355,0.9906,0.92048,0.98378,0.98355,0.98814,0.7763,0.51793,0.68781,0.31972,0.82633,0.000379743,0.000379743,0.000379743
80,3509.32,0.43462,0.48065,0.29251,0.87312,0.98378,0.98026,0.99041,0.91218,0.98595,0.97977,0.98769,0.78117,0.50402,0.67261,0.30493,0.81951,0.000363239,0.000363239,0.000363239
81,3544.4,0.42682,0.48966,0.28456,0.86519,0.97822,0.9852,0.99022,0.91829,0.97931,0.97862,0.98892,0.78653,0.50242,0.63761,0.31329,0.82086,0.000346736,0.000346736,0.000346736
82,3579.27,0.4332,0.50121,0.29246,0.86447,0.987,0.97533,0.9904,0.91934,0.98767,0.97533,0.98993,0.78211,0.51102,0.68764,0.29943,0.82342,0.000330233,0.000330233,0.000330233
83,3628.18,0.41605,0.47541,0.28309,0.85949,0.98447,0.9809,0.99077,0.91248,0.98597,0.98026,0.99023,0.78973,0.51241,0.6548,0.3012,0.82514,0.000313729,0.000313729,0.000313729
84,3672.82,0.42196,0.49466,0.27538,0.86582,0.98766,0.98191,0.99138,0.92117,0.98833,0.98115,0.99014,0.79157,0.51459,0.65006,0.29938,0.82193,0.000297226,0.000297226,0.000297226
85,3727.65,0.41396,0.49055,0.2818,0.86135,0.9868,0.97862,0.99091,0.91728,0.9868,0.97862,0.99023,0.78355,0.50314,0.64216,0.29464,0.81824,0.000280723,0.000280723,0.000280723
86,3762.29,0.41827,0.49858,0.27395,0.85766,0.98883,0.97921,0.99155,0.92167,0.98883,0.97921,0.9906,0.79982,0.51482,0.64956,0.3041,0.82116,0.00026422,0.00026422,0.00026422
87,3797.86,0.40224,0.4758,0.26621,0.86091,0.98107,0.9792,0.99067,0.917,0.9826,0.97862,0.98981,0.78957,0.51213,0.6434,0.30833,0.82159,0.000247716,0.000247716,0.000247716
88,3843.86,0.40718,0.47368,0.26314,0.87175,0.98347,0.97862,0.9905,0.92227,0.98261,0.97697,0.99004,0.79253,0.51075,0.64635,0.2959,0.82122,0.000231213,0.000231213,0.000231213
89,3899.05,0.3993,0.48248,0.26314,0.86631,0.98517,0.9785,0.99062,0.9202,0.98517,0.9785,0.99027,0.78776,0.51074,0.61986,0.29482,0.81958,0.00021471,0.00021471,0.00021471
90,3963.33,0.41052,0.50117,0.27444,0.86034,0.98036,0.97879,0.99113,0.92057,0.98049,0.97866,0.99032,0.79248,0.51242,0.65814,0.30072,0.82502,0.000198206,0.000198206,0.000198206
91,4013.92,0.37789,0.47781,0.24707,0.82977,0.98086,0.98202,0.99032,0.91805,0.98105,0.98182,0.98999,0.79527,0.5153,0.66653,0.30667,0.8232,0.000181703,0.000181703,0.000181703
92,4046.23,0.36568,0.44745,0.23791,0.82737,0.98588,0.97862,0.99046,0.91958,0.98251,0.97533,0.98684,0.78508,0.50928,0.68297,0.30244,0.81791,0.0001652,0.0001652,0.0001652
93,4102.44,0.36387,0.44377,0.23105,0.82555,0.98129,0.98026,0.99045,0.92016,0.98465,0.97697,0.98992,0.78703,0.50586,0.67759,0.29755,0.82071,0.000148696,0.000148696,0.000148696
94,4181.16,0.3589,0.43215,0.2296,0.82008,0.98121,0.98343,0.99073,0.92428,0.98498,0.97697,0.99025,0.79929,0.4994,0.68484,0.2899,0.81668,0.000132193,0.000132193,0.000132193
95,4223.14,0.36048,0.43361,0.22869,0.82122,0.98172,0.98191,0.99107,0.92148,0.98178,0.98026,0.99013,0.79728,0.50294,0.65983,0.28595,0.81709,0.00011569,0.00011569,0.00011569
96,4271.74,0.3634,0.43227,0.2269,0.82133,0.98112,0.98228,0.99038,0.92337,0.98233,0.97862,0.98732,0.79527,0.49925,0.66453,0.28574,0.81672,9.91865e-05,9.91865e-05,9.91865e-05
97,4317.82,0.35216,0.44131,0.22268,0.81794,0.98476,0.97926,0.9906,0.92276,0.98343,0.97574,0.98772,0.79472,0.49787,0.66075,0.28806,0.81677,8.26832e-05,8.26832e-05,8.26832e-05
98,4371.47,0.34724,0.43852,0.21642,0.81131,0.98609,0.97834,0.99066,0.92085,0.98431,0.97533,0.98776,0.78794,0.49827,0.66607,0.28358,0.81734,6.61799e-05,6.61799e-05,6.61799e-05
99,4445.06,0.34914,0.42384,0.21988,0.82547,0.98364,0.97862,0.99067,0.92258,0.98056,0.97533,0.98782,0.78708,0.49923,0.67016,0.28099,0.81747,4.96766e-05,4.96766e-05,4.96766e-05
100,4480.66,0.34404,0.42386,0.2153,0.81863,0.98354,0.97862,0.99061,0.92202,0.98018,0.97533,0.98776,0.78843,0.49646,0.67837,0.28014,0.81675,3.31733e-05,3.31733e-05,3.31733e-05
